Built,n,prop
3.4.0,123,0.3494318181818182
3.4.1,7,0.019886363636363636
3.4.2,58,0.16477272727272727
3.4.3,37,0.10511363636363637
3.4.4,127,0.36079545454545453
